username,password_hash
admin_v6,c98b80fa15ff8ed6b569944de4fb368306fb9b6c269fbf18d73c95e91050a0ce
analyst_v6,b914da8fbb8da7336a5287764bc40452347ca5a1e084f2205e7f52a2bd61141c
user_v6,e9756bd265c5c6f9d2fd01c9411a9de9a00c40845dd3dfaaf94c72b828e21220
test_v6,f091e824831fa00408e6ecac2195ae2f4d15dd3a1d8a11bacfeadc5df787f396
dev_v6,b20f079dfce14a5911b7dc3b0203d99fb88b6d8681bdecf8a3455726f6125465
sec_v6,090ce199e3c739cc7bc49b836603b95b2b42e5f68c7e393f877a7239c8bbb513
guest_v6,be70996cc7eddb9d3b8357e882cc63b532a259189bff1b0793d15754f6a40b9a
root_v6,7d1e43a544906a157041ada5f69b8995c739f44e62a0c093c1e66d0e862103f5
audit_v6,e20b0b92855fa8e7a475d8b0dd79c54f1fe46e44a8a250bc270aa7128d54e8d7
temp_v6,f205bcd3d5706c578bad63e87c839cadda6d566a4dafe96ee12c2ae1776577a2
